{
    "blobs": {
        "3": {
            "dyn_good": {
                "stat_good": 258,
                "stat_bad": 340
            },
            "dyn_bad": {
                "stat_good": 24,
                "stat_bad": 1378
            }
        },
        "5": {
            "dyn_good": {
                "stat_good": 274,
                "stat_bad": 606
            },
            "dyn_bad": {
                "stat_good": 9,
                "stat_bad": 1111
            }
        },
        "7": {
            "dyn_good": {
                "stat_good": 279,
                "stat_bad": 671
            },
            "dyn_bad": {
                "stat_good": 4,
                "stat_bad": 1046
            }
        }
    },
    "lines": {
        "3": {
            "bins": [
                4.391813766513508e-05,
                0.014406852798274663,
                0.02866994580781739,
                0.04293303881736012,
                0.05719613182690285,
                0.07145922483644558,
                0.0857223178459883,
                0.09998541085553103
            ],
            "mu0nu0": [
                0.0,
                0.017857142857142856,
                0.04059040590405904,
                0.08695652173913043,
                0.1598639455782313,
                0.2889733840304182,
                0.3742138364779874
            ],
            "mu3nu0": [
                0.010067114093959731,
                0.014285714285714285,
                0.07749077490774908,
                0.16304347826086957,
                0.3435374149659864,
                0.49429657794676807,
                0.6257861635220126
            ],
            "mu5nu3": [
                0.010067114093959731,
                0.03214285714285714,
                0.0996309963099631,
                0.2536231884057971,
                0.42517006802721086,
                0.55893536121673,
                0.6823899371069182
            ],
            "mu10nu7": [
                0.013422818791946308,
                0.02142857142857143,
                0.11808118081180811,
                0.2717391304347826,
                0.4557823129251701,
                0.5893536121673004,
                0.6918238993710691
            ],
            "adcg": [
                0.040268456375838924,
                0.05,
                0.13284132841328414,
                0.2826086956521739,
                0.4217687074829932,
                0.5399239543726235,
                0.6698113207547169
            ]
        },
        "5": {
            "bins": [
                1.8060533565199212e-05,
                0.01437645554415957,
                0.028635040460340672,
                0.04289362537652178,
                0.05715221029270288,
                0.07141079520888398,
                0.08566938012506509,
                0.09992796504124618
            ],
            "mu0nu0": [
                0.006896551724137931,
                0.023166023166023165,
                0.05714285714285714,
                0.1551155115511551,
                0.3037542662116041,
                0.3986013986013986,
                0.5511811023622047
            ],
            "mu3nu0": [
                0.034482758620689655,
                0.09652509652509653,
                0.3047619047619048,
                0.5676567656765676,
                0.7167235494880546,
                0.8671328671328671,
                0.9251968503937008
            ],
            "mu5nu3": [
                0.05172413793103448,
                0.10038610038610038,
                0.3619047619047619,
                0.6303630363036303,
                0.757679180887372,
                0.9265734265734266,
                0.9606299212598425
            ],
            "mu10nu7": [
                0.05862068965517241,
                0.138996138996139,
                0.42857142857142855,
                0.6996699669966997,
                0.8600682593856656,
                0.9475524475524476,
                0.9763779527559056
            ],
            "adcg": [
                0.1793103448275862,
                0.2972972972972973,
                0.6,
                0.8217821782178217,
                0.9146757679180887,
                0.9615384615384616,
                0.9921259842519685
            ]
        },
        "7": {
            "bins": [
                2.4100706290036293e-05,
                0.01438329875275606,
                0.028642681122632945,
                0.04290206349250983,
                0.057161445862386716,
                0.0714208282322636,
                0.08568021060214048,
                0.09993959297201738
            ],
            "mu0nu0": [
                0.014336917562724014,
                0.012618296529968454,
                0.11188811188811189,
                0.18983050847457628,
                0.367816091954023,
                0.49,
                0.5343511450381679
            ],
            "mu3nu0": [
                0.043010752688172046,
                0.11356466876971609,
                0.493006993006993,
                0.7084745762711865,
                0.8275862068965517,
                0.9166666666666666,
                0.950381679389313
            ],
            "mu5nu3": [
                0.07168458781362007,
                0.15141955835962145,
                0.6188811188811189,
                0.7627118644067796,
                0.8659003831417624,
                0.9466666666666667,
                0.9694656488549618
            ],
            "mu10nu7": [
                0.07526881720430108,
                0.19558359621451105,
                0.6573426573426573,
                0.823728813559322,
                0.9195402298850575,
                0.9466666666666667,
                0.9809160305343512
            ],
            "adcg": [
                0.2939068100358423,
                0.45110410094637227,
                0.8531468531468531,
                0.888135593220339,
                0.9501915708812261,
                0.9866666666666667,
                0.9694656488549618
            ]
        }
    }
}