{
    "lines": {
        "mu5nu3_single": [
            2.292926873560261e-05,
            2.852823265632245e-05,
            4.420137839996826e-05,
            7.780103990092067e-05,
            0.0001466333192248593,
            0.0003171711948837634,
            0.0006381330180090391,
            0.0014737526523686281,
            0.0028875734285127154,
            0.005578847349094956
        ],
        "mu5nu3_double": [
            3.9622479557646694e-05,
            4.815415841849709e-05,
            6.936626030787775e-05,
            0.00011738676764895213,
            0.00021854280253547965,
            0.0004329244026285144,
            0.0009406583614338256,
            0.0019382451663333105,
            0.004015440287597826,
            0.007120308637469468
        ],
        "mu5nu3_all": [
            0.0002477706101571166,
            0.0003254456562101833,
            0.00046934134971358634,
            0.0007577088629491868,
            0.0012989263888056838,
            0.0022489382284035355,
            0.0040955933220990694,
            0.007197480651647033,
            0.010642132568178097,
            0.013236065761589928
        ],
        "adcg": [
            2.802620950426282e-05,
            3.9383885830208454e-05,
            7.695725266353933e-05,
            0.00021231263657512094,
            0.0005984050371425042,
            0.0015823954769537062,
            0.003298882030013014,
            0.006059480611657547,
            0.010399024986462163,
            0.01322652347923297
        ]
    },
    "noise_lvls": [
        0.0009765625,
        0.004556754060844206,
        0.021262343752724643,
        0.09921256574801249,
        0.46293735614364534,
        2.1601194777846118,
        10.079368399158989,
        47.03150375281921,
        219.45445961038678,
        1024.0
    ]
}